"aclgroups.dtd:","alcgroups.dtd:","alcgroups.dtd:"
"Access Groups","權限群組","Grupos de Acesso"
"Add","新增","Adicionar"
"Modify","修改","Modificar"
"Delete","刪除","Apagar"
,,
"bindings.dtd:","bindings.dtd:","bindings.dtd:"
"Font","文字","Fonte"
"Font","文字","Fonte"
"Font","文字","Fonte"
"Font","文字","Fonte"
"Font","文字","Fonte"
"Font","文字","Fonte"
"Font","文字","Fonte"
"Font","文字","Fonte"
"Font","文字","Fonte"
"Font","文字","Fonte"
"Font","文字","Fonte"
"Font","文字","Fonte"
"X-Large","超大","X-Largo"
"Large","較大","Largo"
"Medium","適中","Médio"
"Small","較小","Pequeno"
,,
"cart.dtd:","cart.dtd:","cart.dtd:"
"Product Name","品名","Nome do Produto"
"#","數量","#"
"@","單價","@"
"Subtotal","小計","Sub-total"
"Tx","稅別","Tx"
"+","+","+"
"-","-","-"
"Payments","付款","Pagamentos"
,,
"changeuser.dtd:","changeuser.dtd:","changeuser.dtd:"
"User Sign In","使用者登入","Entrar"
"CLEAR","清空","LIMPAR"
"DEL","刪除","APAGAR"
"Passcode:","登入密碼","Chave:"
"OK","登入","OK"
"Quick Login:","快速登入","Entrada rápida:"
,,
"clockin.dtd:","clockin.dtd:","clockin.dtd:"
"User Clock In / Out","上下班打卡","Entrada/Saída Utilizador"
"In","上班","Entrada"
"Out","下班","Saída"
"Job","工作內容","Trabalho"
"User Clock In / Out","上下班打卡","Entrada/Saída Utilizador"
"User Clock In / Out","上下班打卡","Entrada/Saída Utilizador"
"CLEAR","清空","LIMPAR"
"DEL","刪除","APAGAR"
"Passcode:","登入密碼","Chave:"
"OK","OK","OK"
"In","上班","Entrada"
"Out","下班","Saída"
"View Attendance","檢視出勤紀錄","Visualizar Atendimento"
"Job List","工作內容","Lista Funções"
,,
"condiments.dtd:","condiments.dtd:","condiments.dtd:"
"Condiment Group","調味群組","Grupo de Condimentos"
"Group Name:","群組名稱","Nome do Grupo:"
"Add","新增","Adicionar"
"Modify","修改","Modificar"
"Delete","刪除","Apagar"
"Condiment","調味種類","Condimento"
"Name:","調味名稱","Nome:"
"Price:","調味價格","Preço:"
"Button Color:","按鈕顏色","Côr do Botão:"
"Font Size:","文字大小","Tamanho Letra:"
,,
"controlpanel.dtd:","controlpanel.dtd:","controlpanel.dtd:"
"Control Panel","控制面板","Painel de Controlo"
"Loading...","載入中…","A carregar…"
,,
"creditcard.dtd:","creditcard.dtd:","creditcard.dtd:"
"Payment By Credit Card","信用卡付款","Pagamento por Cartão de Crédito"
"CLEAR","清空","LIMPAR"
"DEL","刪除","APAGAR"
,,
"currency.dtd:","currency.dtd:","currency.dtd:"
"Exchange Rates","匯率設定","Taxas de Câmbio"
"Code","貨幣名稱","Código"
"Sign","貨幣符號","Assinar"
"Exchange Rate","匯率","Taxas de Câmbio"
"Amount to Convert","外幣金額","Quantia a Converter"
"Converted Amount","轉換為本國幣金額","Quantia Convertida"
"Local Currency","本國貨幣","Moeda Local"
"Currency","外幣","Moeda"
"DEL","刪除","APAGAR"
"CLEAR","清空","LIMPAR"
"SAVE","儲存設定","GUARDAR"
,,
"departments.dtd:","departments.dtd:","departments.dtd:"
"Departments","產品部門","Departamentos"
"Department Number:","部門代碼:","Número do Departamento:"
"Department Name:","部門名稱:","Nome do Departamento:"
"Tax Rate:","稅別:","Taxa:"
"Show on Menu:","顯示於前台:","Mostrar no Menu:"
"Sale Department","可單獨銷售:","Departamento de Vendas"
"Button Color:","按鈕顏色:","Côr do Botão:"
"Font Size:","文字大小:","Tamanho da Fonte:"
"Add","新增","Adicionar"
"Modify","修改","Modificar"
"Delete","刪除","Apagar"
,,
"dialog.dtd:","dialog.dtd:","dialog.dtd:"
"User Prompt","資料輸入對話框","Entrada Utilizador"
"OK","完成","OK"
"CANCEL","取消","CANCELAR"
"HELP","幫助","AJUDA"
"CLOSE","關閉","FECHAR"
"SAVE","儲存設定","GUARDAR"
"APPLY","套用","APLICAR"
,,
"fecpos.dtd:","fecpos.dtd:","fecpos.dtd:"
"Name","名稱","Nome"
"Ok","完成","Ok"
"Cancel","取消","Cancelar"
"Add","新增","Adicionar"
"Modify","修改","Modificar"
"Delete","刪除","Apagar"
"Data","資料","Dados"
"Data 2","資料 2","Dados 2"
"Sets","組合產品","Configurações"
"Icon and Color","圖示與顏色","Icon e Côr"
"Price Levels","價格設定","Níveis de Preço"
"Link Groups","群組連結","Ligações a Grupos"
"Level","設定","Nível"
"Price","價格","Preço"
"HALO","最高價格","HALO"
"LALO","最低價格","LALO"
"Loading ........","載入中………","A carregar ……."
,,
"funcpanelecrprefs.dtd:","funcpanelecrprefs.dtd:","funcpanelecrprefs.dtd:"
"Function Panel Configuration","功能面板設定","Configuração Painel de Funções"
"General","一般設定:","Geral"
"Rows:","行數:","Linhas:"
"Columns:","列數:","Colunas:"
"Horizontal spacing:","水平間距:","Espaçamento Horizontal:"
"Vertical spacing","垂直間距:","Espaçamento Vertical:"
"Change size","套用","Mudar tamanho"
"Change orientation:","捲軸位置:","Mudar orientação:"
"Panel resizable?","面板大小可調整?","Painel ajustável?"
"Wrap-around scrolling?","循環面板?","Cortar à volta do deslocamento?"
"Hide when restricted?","功能被限制時隱藏?","Esconder quando restrito?"
"Number of panels:","面板頁數:","Número de paineis:"
"Set","套用","Colocar"
"Start with panel:","起始頁面:","Começar com o painel:"
"Set","套用","Colocar"
"Page layout","頁面設定","Configuração da Página"
"Page number:","頁碼:","Número da Página:"
"Page label:","自訂頁面名稱:","Nome da Página:"
"Set","套用","Colocar"
"Reset","重設","Limpar"
"Global page label:","預設頁面名稱:","Nome da Página Global:"
"Set","套用","Colocar"
"Reset","重設","Limpar"
"Set as default?","設為預設值?","Colocar por defeito?"
"Set","套用","Colocar"
"Use default?","使用預設值?","Usar por defeito?"
"Apply","套用","Aplicar"
"Selected cells","選擇功能按鍵:","Seleccionar células"
"Merge","合併","Juntar"
"Remove","移除","Remover"
"Use standard?","使用標準功能按鍵?","Usar standard?"
"Apply","套用","Aplicar"
"Size","字體大小","Tamanho"
"Key Mapping","功能按鍵設定","Mapeamento das Teclas"
"Page number:","頁碼:","Número da Página:"
"Unlink All","移除所有連結","Limpar Ligações"
"Selected button:","選擇功能按鍵:","Seleccionar botão:"
"Linked to function:","連結功能至:","Ligar a função:"
"Unlink","移除連結","Desligar"
"Function label:","功能標籤:","Nome da Função:"
"Update","套用","Actualizar"
"Reset","重設","Limpar"
"Parameter:","參數值:","Parâmetro"
"Update","套用","Actualizar"
"Reset","重設","Limpar"
"Link","連結","Ligar"
"Global Key Mapping","固定功能鍵設定","Mapeamento Global de Teclas"
"Page number:","頁碼:","Número da Página:"
"Unlink All","移除所有連結","Limpar Ligações"
"Selected button:","選擇功能按鍵:","Seleccionar botão:"
"Linked to function:","連結功能至:","Ligar a função:"
"Unlink","移除連結","Limpar Ligações"
"Function label:","功能標籤:","Nome da Função:"
"Update","套用","Actualizar"
"Reset","重設","Limpar"
"Parameter:","參數值:","Parâmetro"
"Update","套用","Actualizar"
"Reset","重設","Limpar"
"Link","連結","Ligação"
"Save","儲存設定","Guardar"
"Cancel","取消","Cancelar"
,,
"giftcard.dtd:","giftcard.dtd:","giftcard.dtd:"
"Payment By Gift Card","禮品卡付款","Pagamento por cartão de ofertas"
"CLEAR","清空","LIMPAR"
"DEL","刪除","APAGAR"
,,
"imagemanager.dtd:","imagemanager.dtd:","imagemanager.dtd:"
"Image Manager","圖像管理","Gestão de Imagens"
"Image File:","圖檔:","Ficheiro da Imagem:"
"name:","檔名:","nome:"
"size:","檔案大小:","tamanho:"
"Import","匯入","Importar"
"Export","匯出","Exportar"
"Delete","刪除","Apagar"
"Rename","重新命名","Renomear"
"Disk Usage Limit:","磁碟空間:","Limite Utilização Disco:"
"Total:","總計:","Total:"
"Used:","已使用:","Usado:"
"Files:","檔案數量:","Ficheiros:"
"Import/Export:","匯入/匯出:","Importar/Exportar:"
"total size:","總計大小:","tamanho total:"
"total files:","總檔案數量:","total de ficheiros:"
"status:","狀態:","estado:"
,,
"importexport.dtd:","importexport.dtd:","importexport.dtd:"
"Database Import / Export","資料匯入/匯出","Importação/Exportação Base Dados"
"Import","匯入","Importar"
"Export","匯出","Exportar"
"Ok","完成","Ok"
"Cancel","取消","Cancelar"
"Add","新增","Adicionar"
"Modify","修改","Modificar"
"Delete","刪除","Apagar"
,,
"jobs.dtd:","jobs.dtd:","jobs.dtd:"
"Job List","工作內容","Lista Tarefas"
"Job Name","工作名稱","Nome Tarefa"
"Add","新增","Adicionar"
"Modify","修改","Modificar"
"Delete","刪除","Apagar"
,,
"licensecheck.dtd:","licensecheck.dtd:","licensecheck.dtd:"
"License check error. Please contact your agent or reseller for assistance.","產品序號錯誤. 請聯繫您的經銷商並尋求協助.","Erro de verificação da Licença. Por favor contacte o agente ou vendedor para assistência"
,,
"localekeyboard.dtd:","localekeyboard.dtd:","localekeyboard.dtd:"
"Locale and Keyboard Mapping","語系與鍵盤設定","Mapeamento de Localização e Teclas"
"Locale","語系","Localização"
"Keyboard Mapping","鍵盤設定","Mapeamento do Teclado"
,,
"messages.pot:","messages.pot:","messages.pot:"
"Add New ACL Group","新增權限群組","Adicionar Grupo Novo ACL"
"New ACL Group","新權限群組","Novo Grupo ACL"
"Group Name","群組名稱","Nome do Grupo"
"ACL Group [%S] already exists; ACL group not added.","權限群組 [%S] 已存在; 權限群組未新增","Grupo ACL [%S] já existe; Grupo ACL não adicionado."
"ACL Group [%S] added successfully","權限群組 [%S] 新增成功","Grupo ACL [%S] adicionado com sucesso"
"An error occurred while adding ACL Group [%S]; the ACL group may not have been added successfully","新增權限群組 [%S] 時發生錯誤; 該權限群組並未新增成功","Ocorreu um erro ao adicionar o Grupo ACL [%S]; O grupo ACL pode não ter sido adicionado com sucesso"
"The ACL group [%S] has been assigned to one or more users [%S] and cannot be removed.","權限群組 [%S] 已被一個或多個員工設定 [%S] 且無法刪除","O grupo ACL [%S] foi atribuído a um ou mais utilizadores [%S] e não pode ser removido."
"confirm delete %S","確認已刪除 %S","deseja apagar %S"
"Are you sure?","你確定嗎?","Tem a certeza?"
"ACL Group [%S] removed successfully","權限群組 [%S] 刪除成功","Grupo ACL [%S] removido com sucesso"
"An error occurred while removing ACL Group [%S]; the ACL group may not have been removed successfully","刪除權限群組 [%S] 時發生錯誤; 該權限群組並未刪除成功","Ocorreu um erro ao remover o Grupo ACL [%S]; O grupo ACL pode não ter sido adicionado com sucesso"
"ACL Group [%S] modified successfully","權限群組 [%S] 修改成功","Grupo ACL [%S] modificado com sucesso"
"An error occurred while modifying ACL Group [%S]; the ACL group may not have been modified successfully","修改權限群組 [%S] 時發生錯誤; 該權限群組並未修改成功","Ocorreu um erro ao modificar o Grupo ACL [%S]; O grupo ACL pode não ter sido adicionado com sucesso"
"OUT OF STOCK","已無庫存","SEM STOCK"
"Product May Be Out of Stock!","產品可能已無庫存","O Produto pode estar sem Stock!"
"STOCK LOW","庫存量低於安全庫存","STOCK BAIXO"
"Low Stock Threshold Reached!","庫存量已達安全庫存","Limite de stock baixo alcançado!"
"VERIFY AGE","確認年齡","VERIFICAÇÃO IDADE"
"Verify Customer Age for Purchase of [%S]!","請與客戶確認其年齡已達購買 [%S] 之法律規定","Verificar a idade do cliente na compra de [%S]"
"Verify Customer Age for Purchase of [%S]!","請與客戶確認其年齡已達購買 [%S] 之法律規定","Verificar a idade do cliente na compra de [%S]"
"SINGLE ITEM SALE","單一產品快速銷售","ARTIGO DE VENDA INDIVIDUAL"
"Product scan code not found [%S]","產品條碼 [%S] 不存在","Código do Produto [%S] não encontrado"
"Not an open order; cannot modify","已結單或未開單; 禁止修改","Não é um pedido aberto, não pode modificar"
"Please select an item first","請先選擇一個品項","Por favor seleccione um artigo primeiro"
"Cannot modify selected item [%S]","無法修改選取的品項 [%S]","Não pode modificar o artigo seleccionado [%S]"
"Not authorized to modify condiment price","權限不足; 禁止修改調味價格","Não está autorizado a modificar o preço do condimento"
"Cannot modify; selected item [%S] has discount or surcharge applied","禁止修改; 選取的品項 [%S] 已套用折扣或附加費","Não pode modificar; o item seleccionado [%S] tem um desconto ou uma taxa aplicada"
"Cannot modify; selected item [%S] has been subtotaled","禁止修改; 選取的品項 [%S] 已列入小計","Não pode modificar; o item seleccionado [%S] tem um desconto ou uma taxa aplicada"
"Cannot modify; no price or quantity entered","禁止修改; 價格或數量未輸入","Não pode modificar; sem preço ou quantidade introduzido"
"Cannot modify condiment; no price entered","禁止修改調味; 價格未輸入","Não pode modificar o condimento; sem preço introduzido"
"Quantity may not be less than 1","數量不得小於 1","A quantidade não pode ser inferior a 1"
"Not an open order; cannot VOID","已結單或未開單; 禁止刪除","Não é um pedido aberto; Não pode ANULAR"
"Cannot VOID the selected item [%S]\n ; It is not the last registered item","禁止刪除選取的品項 [%S] ; 該品項並非最後輸入之品項","Não pode ANULAR os artigos seleccionados [%S]\n; Não é o último artigo registado"
"Cannot VOID an item that has been subtotaled","已列入小計之品項禁止刪除","Não pode ANULAR um artigo que já foi feito o sub-total"
"Please enter the discount amount","請輸入折扣金額","Indique o valor de desconto"
"Please enter the discount percentage first","請先輸入折扣百分比","Indique a percentagem de desconto primeiro"
"Please enter the discount percentage","請輸入折扣百分比","Indique a margem de desconto"
"Not an open order; cannot add discount","已結單或未開單; 禁止新增折扣","Não é um pedido aberto; não pode aplicar desconto"
"Please select an item","請選擇一個品項","Por favor seleccione um artigo"
"Not an open order; cannot add surcharge","已結單或未開單; 禁止新增附加費","Não é um pedido aberto; não pode adicionar um taxa"
"Pretax discount can only be registered against subtotals","稅前折扣只能在小計時列入","Desconto de pré-taxa só pode ser aplicado em sub-totais"
"Discount has been already been registered on item [%S]","品項 [%S] 之折扣已計入","O desconto já foi registado no artigo [%S]"
"Surcharge has been already been registered on item [%S]","品項 [%S] 之附加費已計入","A taxa já foi aplicada ao artigo [%S]"
"Cannot modify an item that has been subtotaled","已列入小計之品項禁止修改","Não pode modificar um artigo que já foi feito o sub-total"
"Cannot register discount on return items","禁止退貨品項列入折扣","Não pode registar descontos em artigos de devolução"
"Cannot apply discount to [%S]\n ; It is not the last registered item","禁止提供折扣於選取的品項 [%S] ; 該品項並非最後輸入之品項","Não pode aplicar um desconto a [%S]\n; Não foi o último artigo registado"
"Discount may not be added to [%S]","禁止提供折扣於 [%S]","O desconto não pode ser adicionado a [%S]"
"Please enter the discount amount or percentage","請輸入折扣金額或百分比","Indique o valor ou percentagem de desconto"
"Please enter the surcharge amount first","請先輸入附加費金額","Indique primeiro o valor da taxa"
"Please enter the surcharge percentage","請輸入附加費百分比","Indique a percentagem da taxa"
"Pretax surcharge can only be registered against subtotals","稅前附加費只能在小計時列入","Pré-taxa só pode ser aplicada em sub-totais"
"Cannot apply surcharge to [%S]\n ; It is not the last registered item","禁止套用附加費於選取的品項 [%S] ; 該品項並非最後輸入之品項","Não pode aplicar a taxa a [%S]\n; Não foi o último artigo registado"
"Surcharge may not be added to [%S]","禁止套用附加費於 [%S]","A taxa não pode ser adicionada a [%S]"
"Not an open order; operation invalid","已結單或未開單; 操作無效","Não é um pedido em aberto; operação inválida"
"Not an open order; cannot register House Bon","已結單或未開單; 禁止登錄贈送產品","Não é um pedido em aberto; não pode registar um bónus da casa"
"House Bon may not be applied to [%S]","品項 [%S] 禁止登錄為贈送產品","Bónus da Casa não pode ser aplicada a [%S]"
"The selected currency [%S] has not been configured","選取的幣別尚未設定","A moeda local [%S] não foi ainda configurada"
"Please enter an amount first","請先輸入金額","Por favor indique primeiro a quantia"
"Please configure the selected currency entry first [%S]","請先設定選取的幣別 [%S]","Por favor indique a moeda local primeiro [%S]"
"Credit Card Remark","信用卡註記","Observações do Cartão de Crédito"
"Payment","付款","Pagamento"
"Card Type","卡別","Tipo de Cartão"
"Card Remark","卡片註記","Observações do Cartão"
"Gift Card Remark","禮品卡註計","Observações do Cartão Oferta"
"Not an open order; cannot register payments","已結單或未開單; 禁止登錄付款金額","Não é um pedido em aberto; não pode registar pagamentos"
"Not an open order; cannot shift tax","已結單或未開單; 禁止切換稅別","Não é um pedido em aberto; não pode mudar a taxa"
"This operation cannot be performed on [%S]","此作業禁止在品項 [%S] 上執行","Esta operação não pode ser efectuada em [%S]"
"The tax status indicated does not exist [%S]","選取的稅別不存在","O estado da taxa indicada não existe [%S]"
"Not an open order; cannot add condiment","已結單或未開單; 禁止新增調味","Não é um pedido em aberto; não pode adicionar condimentos"
"Condiments may not be added to [%S]","禁止於品項 [%S] 新增調味","Os condimentos poderão não ser adicionados a [%S]"
"Cannot add condiments to an item that has been subtotaled","已列入小計之品項禁止新增調味","Não pode adicionar condimentos a artigos que já foi efectuado o sub-total"
"Please void discount on item first","請先刪除該品項之折扣","Por favor indique a percentagem de desconto a anular no artigo primeiro"
"Please void surcharge on item first","請先刪除該品項之附加費","Por favor indique a taxa de desconto a anular no artigo primeiro"
"No Condiment group associated with item [%S]","品項 [%S] 並未與任何調味群組連結","Sem grupo de condimentos associado ao artigo [%S]"
"Not an open order; cannot add memo","已結單或未開單; 禁止新增備註","Não pode abrir o pedido; não pode adicionar comentários"
"Add New Memo","新增備註","Adicionar Novas Observações"
"Add Memo","新增備註","Adicionar Observações"
"Memo:","備註","Observações:"
"No open order to push","已結單或未開單","Não existe um pedido aberto para avançar"
"Order is not queued because it is empty","無任何品項故無法暫存","O pedido não está pendente porque está vazio"
"Authentication failed! ; Please make sure the password is correct.","登入失敗! 請確認登入密碼是否正確.","Falhou na autênticação!; Por favor indique uma chave correcta."
"Authentication failed! ; Please select a user","登入失敗! 請選擇使用者","Falhou na autênticação!; Por favor indique um utilizador"
"Please select a user first","請先選擇使用者","Seleccione um utilizador primeiro"
"Please enter the passcode","請輸入登入密碼","Por favor indique uma palavra chave"
"Authentication Failed! ; Please make sure the passcode is correct","登入失敗! 請確認登入密碼是否正確","Falhou na Autênticação! ; Por favor verifique que entra uma chave correcta"
"Please select a job first","請先選擇工作內容","Seleccione uma tarefa primeiro"
"Not clocked in yet","尚未打上班卡","Não entrou ao serviço ainda"
"Add New Condiment Group","新增調味群組","Adicionar um Novo Grupo de Condimento"
"New Condiment Group","新調味群組","Novo Grupo de Condimento"
"Condiment Group [%S] already exists.","調味群組 [%S] 已存在","Grupo de Condimento [%S] já existente."
"Condiment Group [%S] added successfully","新增調味群組成功","Grupo de Condimento [%S] adicionado com sucesso"
"An error occurred while adding Condiment Group [%S]\n ; The group may not have been added successfully","新增調味群組 [%S] 時發生錯誤; 該調味群組並未新增成功","Ocorreu um erro ao adicionar o Grupo de Condimento [%S]\n ; O grupo pode não ter sido adicionado com sucesso"
"Condiment Group [%S] already exists","調味群組 [%S] 已存在","Grupo de Condimento [%S] já existente."
"Condiment Group [%S] modified successfully","調味群組 [%S] 修改成功","Grupo de Condimento [%S] modificado com sucesso"
"An error occurred while modifying Condiment Group [%S]\n ; The group may not have been modified successfully","修改調味群組 [%S] 時發生錯誤; 該調味群組並未修改成功","Ocorreu um erro ao modificar o Grupo de Condimento [%S]\n; O grupo pode não ter sido adicionado com sucesso"
"Condiment Group [%S] removed successfully","調味群組 [%S] 刪除成功","Grupo de Condimento [%S] removido com sucesso"
"An error occurred while removing Condiment Group [%S]\n ; The group may not have been removed successfully","刪除調味群組 [%S] 時發生錯誤; 該調味群組並未刪除成功","Ocorreu um erro ao remover o Grupo de Condimento [%S]\n ; O grupo pode não ter sido removido com sucesso"
"Add New Condiment","新增調味種類","Adicionar um Novo Condimento"
"New Condiment","新調味種類","Novo Condimento"
"Condiment Name","調味名稱","Nome do Condimento"
"Condiment Price","調味價格","Preço do Condimento"
"Condiment Price must be a number","調味價格必須為數字","O Preço do Condimento deve ser um número"
"Condiment [%S] already exists in this group","調味名稱 [%S] 已存在於本調味群組","O Condimento [%S] já existe neste grupo"
"Condiment [%S] added successfully","新增調味種類 [%S] 成功","O Condimento [%S] foi adicionado com sucesso"
"An error occurred while adding Condiment [%S]\n ; The condiment may not have been added successfully","新增調味種類 [%S] 時發生錯誤; 該調味種類並未新增成功","Ocorreu um erro ao adicionar o Condimento [%S]\n ; O condimento poderá não ter sido adicionado com sucesso"
"Condiment [%S] modified successfully","修改調味種類 [%S] 成功","Condimento [%S] modificado com sucesso"
"An error occurred while modifying Condiment [%S] ; The condiment may not have been modified successfully","修改調味種類 [%S] 時發生錯誤; 該調味種類並未修改成功","Ocorreu um erro ao modificar o Condimento [%S] ; O condimento poderá não ter sido modificado com sucesso"
"Condiment [%S] removed successfully","刪除調味種類 [%S] 成功","Condimento [%S] removido com sucesso"
"An error occurred while removing Condiment [%S]\n ; The condiment may not have been removed successfully","刪除調味種類 [%S] 時發生錯誤; 該調味種類並未刪除成功","Ocorreu um erro ao remover o Condimento [%S]\n ; O condimento poderá não ter sido removido com sucesso"
"Department Number must not be empty","部門代碼不得為空白","O Número do Departamento não pode estar vazio"
"Department Name must not be empty","部門名稱不得為空白","O Nome do Departamento não pode estar vazio"
"Duplicate Department Number (%S); department not %S.","部門代碼 (%S) 已存在; 請輸入其他代碼","Número de Departamento duplicado (%S); departamento não %S."
"Duplicate Department Name (%S); department not %S.","部門名稱 (%S) 已存在; 請輸入其他名稱","Nome do Departamento duplicado (%S); departmento não %S."
"Add New Department","新增產品部門","Adicionar Departamento Novo"
"New Department","新產品部門","Novo Departamento"
"Department Number","部門代碼","Número do Departamento"
"Department Name","部門名稱","Nome do Departamento"
"Department [%S] added successfully","新增產品部門 [%S] 成功","Departamento [%S] adicionado com sucesso"
"An error occurred while adding Department [%S] ; The department may not have been added successfully","新增產品部門 [%S] 時發生錯誤; 該產品部門並未新增成功","Ocorreu um erro ao adicionar o Departamento [%S] ; O departamento pode não ter sido adicionado com sucesso"
"Department [%S] modified successfully","修改產品部門 [%S] 成功","Departamento [%S] modificado com sucesso"
"An error occurred while modifying Department [%S]\n ; The department may not have been modified successfully","修改產品部門 [%S] 時發生錯誤; 該產品部門並未修改成功","Ocorreu um erro ao modificar o Departamento [%S]\n; O departamento pode não ter sido modificado com sucesso"
"Department [%S] removed successfully","刪除產品部門 [%S] 成功","Departamento [%S] removido com sucesso"
"An error occurred while removing Department [%S]\n"" ; The department may not have been removed successfully","刪除產品部門 [%S] 時發生錯誤; 該產品部門並未刪除成功","Ocorreu um erro ao remover o Departamento [%S]\n ; O departamento poderá não ter sido removido com sucesso"
".name",".名稱",".nome"
".label",".標籤",".etiqueta"
".desc",".敘述",".desc"
"export plu finish!","產品資料匯出完成!","exportação plu terminada|"
"export data finish!","資料匯出完成!","exportação dados terminada!"
"Add New Job","新增工作內容","Adicionar uma Tarefa Nova"
"New Job","新工作內容","Nova Tarefa"
"Job Name","工作名稱","Nome da Tarefa"
"Duplicate job name [%S]; job not added.","工作名稱 [%S] 已存在; 無法新增","Nome da Tarefa duplicado [%S]; tarefa não adicionada."
"Job [%S] added successfully","新增工作內容 [%S] 成功","Tarefa [%S] adicionada com sucesso"
"Duplicate job name [%S]; job not modified.","工作名稱 [%S] 已存在; 無法修改","Nome de tarefa duplicado [%S]; tarefa não modificada"
"Job [%S] modified successfully","修改工作內容 [%S] 成功","Tarefa [%S] modificada com sucesso"
"Job [%S] removed successfully","刪除工作內容 [%S] 成功","Tarefa [%S] removida com sucesso"
"logged in","登入","entrou"
"Failed to authenticate user","登入失敗","Falhou a autênticação do utilizador"
"Please enter passcode first","請先輸入登入密碼","Indique a chave primeiro"
"Sign Off","登出","Sair"
"Discard items that have been registered?","刪除已輸入之交易?","Descarregar artigos que ainda não tenham sido registados?"
"What do you want to do with the registered items?","您要如何處理已輸入之交易資料?","O que deseja fazer com os artigos registados?"
"Queue","暫存","Pendentes"
"Discard","刪除","Descarregar"
"You have one or more queued orders. Discard them?","您有一筆或多筆暫存單. 是否刪除?","Tem um ou mais pedidos pendentes. Deseja removê-los ?"
"You have one or more queued orders. What do you want to do with them?","您有一筆或多筆暫存單. 請問您要如何處理?","Tem um ou mais pedidos pendentes. O que deseja fazer com eles?"
"Keep","保留","Manter"
"confirm sign-off","確認登出","confirme que deseja sair"
"Are you ready to sign off?","您準備要登出嗎?","Deseja sair mesmo?"
"Add New Product Group","新增產品群組","Adicionar um Novo Grupo de Produtos"
"New Product Group","新產品群組","Novo Grupo de Produtos"
"Duplicate Product Group name [%S]; Product Group not added.","產品群組名稱 [%S] 已存在; 無法新增","Nome de Grupo de Produtos duplicado [%S]; Grupo de Produtos não adicionado."
"Product Group [%S] added successfully","新增產品群組 [%S] 成功","Grupo de Produtos [%S] adicionado com sucesso"
"Duplicate Product Group name [%S]; Product group not modified.","產品群組名稱 [%S] 已存在; 無法修改","Nome de Grupo de Produtos duplicado [%S]; Grupo de Produtos não modificado"
"Product Group [%S] removed successfully","刪除產品群組 [%S] 成功","Grupo de Produtos [%S] removido com sucesso"
"Add New Product Set","新增組合產品","Adicionar Combinação de Produtos Novos"
"Product Set","組合產品","Combinação de Produtos"
"Product No.or Barcode","產品編號或產品條碼","Nº de Produto ou Código de Barras"
"Quantity","數量","Quantidade"
"Product not found (%S).","產品 (%S) 不存在","Produto não encontrado (%S)"
"Product No. must not be empty.","產品編號不得為空白","O Número do Produto não pode estar vazio."
"Product Name must not be empty.","產品名稱不得為空白","O Nome do Produto não pode estar vazio."
"The Product No. [%S] already exists; product not added.","產品編號 [%S] 已存在; 無法新增","O Nº do Produto [%S] já existe; produto não adicionado."
"The Product Name [%S] already exists; product not added.","產品名稱 [%S] 已存在; 無法新增","O Nome do Produto [%S] já existe; produto não adicionado."
"The Product Name [%S] already exists; product not modified.","產品名稱 [%S] 已存在; 無法修改","O Nome do Produto [%S] já existe; produto não modificado."
"Add New Product","新增產品","Adicionar Produto Novo"
"New Product","新產品","Novo Produto"
"Product No.","產品編號","Produto nº"
"Product Name","產品名稱","Nome do Produto"
"Product [%S] added successfully","新增產品 [%S] 成功","Produto [%S] adicionado com sucesso"
"An error occurred while adding Product [%S]; the product may not have been added successfully","新增產品 [%S] 時發生錯誤; 該產品並未新增成功","Ocorreu um erro ao adicionar o Produto [%S]; O produto pode não ter sido adicionado com sucesso"
"Product [%S] modified successfully","修改產品 [%S] 成功","Produto [%S] modificado com sucesso"
"An error occurred while modifying Product [%S]\n ; The product may not have been modified successfully","修改產品 [%S] 時發生錯誤; 該產品並未修改成功","Ocorreu um erro ao modificar o Produto [%S]\n ; O produto pode não ter sido modificado com sucesso"
"Product [%S] removed successfully","刪除產品 [%S] 成功","Produto [%S] removido com sucesso"
"An error occurred while removing Product [%S]\n ; The product may not have been removed successfully","刪除產品 [%S] 時發生錯誤; 該產品並未刪除成功","Ocorreu um erro ao remover o Produto [%S]\n ; O produto pode não ter sido removido com sucesso"
"Product [%S] Not Found!","產品 [%S] 不存在","Produto [%S] Não Encontrado !"
"Price Level changed from [%S] to [%S]","價格由設定 [%S] 變更為設定 [%S]","Nível de Preço mudado de [%S] para [%S]"
"Default","預設","Defeito"
"Default Price Level","預設價格設定","Nível de Preço por Defeito"
"Schedule [%S - Price Level %S] added successfully","新增變價排程 [%S - 價格設定 %S] 成功","Agendamento [%S - Nível de Preço %S] adicionado com sucesso"
"confirm remove %S - price level %S","確認刪除 %S - 價格設定 %S","confirma a removação %S - nível de preço %S"
"Schedule [%S - Price Level %S] removed successfully","刪除變價排程 [%S - 價格設定 %S] 成功","Agendamento [%S - Nível de Preço %S] removido com sucesso"
"Stock level for [%S] modified successfully","修改產品 [%S] 庫存量成功","Nível de Stock para [%S] modificado com sucesso"
"Product/Barcode Number (%S) not found!","產品編號/產品條碼 (%S) 不存在","Número de Produto/Código de Barras (%S) não encontrado!"
"Tax code must not be empty.","稅別代碼不得為空白","Código da Taxa não pode estar vazio."
"Tax name must not be empty.","稅別名稱不得為空白","Nome da Taxa não pode estar vazio."
"Duplicate tax code [%S]; tax not added","稅別代碼 [%S] 已存在; 無法新增","Código de Taxa duplicado [%S]; taxa não adicionada"
"Duplicate tax name [%S]; tax not %S","稅別名稱 [%S] 已存在; 無法新增","Nome de Taxa duplicado [%S]; taxa não %S"
"Add-On","外加稅","Adicionado"
"Included","內含稅","Incluido"
"Combined","合併稅","Combinado"
"VAT & VAT","稅上稅","VAT & VAT"
"Add New Tax Status","新增稅別","Adicionar Novo Estado Taxa"
"New Tax Status","新稅別","Novo Estado Taxa"
"Tax Code","稅別代碼","Código da Taxa"
"Tax Name","稅別名稱","Nome da Taxa"
"Tax [%S] added successfully","新增稅別 [%S] 成功","Taxa [%S] adicionada com sucesso"
"An error occurred while adding Tax [%S]; the tax may not have been added successfully","新增稅別 [%S] 時發生錯誤; 該稅別並未新增成功","Ocorreu um erro ao adicionar a Taxa [%S]; a taxa pode não ter sido adicionada com sucesso"
"Tax [%S] removed successfully","刪除稅別 [%S] 成功","taxa [%S] removida com sucesso"
"An error occurred while removing Tax [%S]; the tax may not have been removed successfully","刪除稅別 [%S] 時發生錯誤; 該稅別並未刪除成功","Ocorreu um erro ao remover a Taxa [%S]; a taxa pode não ter sido removida com sucesso"
"Tax [%S] modified successfully","修改稅別 [%S] 成功","Taxa [%S] modificada com sucesso"
"Test","測試","Teste"
"Add New Employee","新增員工","Adicionar um Empregado Novo"
"New Employee","新員工","Empregado Novo"
"Name","員工姓名/代號","Nome"
"Password","登入密碼","Chave"
"Duplicate user name [%S]; user not added.","員工姓名/代號 [%S] 已存在; 無法新增","Nome de utilizado duplicado [%S]; utilizador não adicionado."
"Duplicate display name [%S]; user not added.","員工顯示名稱 [%S] 已存在; 無法新增","Nome de visualização duplicado [%S]; utilizado não adicionado."
"Employee [%S] added successfully","新增員工 [%S] 成功","Empregado [%S] adicionado com sucesso"
"Duplicate display name [%S]; user not modified.","員工顯示名稱 [%S] 已存在; 無法修改","Nome de visualização duplicado [%S]; utilizado não modificado."
"Employee [%S] modified successfully","修改員工 [%S] 成功","Empregado [%S] modificado com sucesso"
"Employee [%S] removed successfully","刪除員工 [%S] 成功","Empregado [%S] removido com sucesso"
"Select Access Group","選擇權限群組","Seleccionar o Grupo de Acesso"
"confirm locale and keyboard mapping change","確認修改語系與鍵盤設定","confirme a alteração da localização e mapa do teclado"
"Locale and Keyboard mapping changes required system restart to take effect. If you save the changes now, the system will restart automatically after you return to the Main Screen. Do you want to save your changes?","語系與鍵盤設定修改需重新啟動程式後才會生效. 如果您按下儲存鍵, 程式將在返回主頁面之後重新啟動. 您確定要儲存修改?","As alterações do mapa de teclado e localização necessitam que o sistema seja reiniciado para terem efeito. Se guardar as alterações agora, o sistema irá ser reiniciado automáticamente após voltar ao écran principal. Quer gravar as alterações?"
"confirm age","確認年齡","confirme a idade"
"Is customer of age for purchase of [%S]?","客戶年齡是否已達購買 [%S] 之法律規定?","O cliente tem idade para comprar o produto [%S]?"
"Cannot VOID the selected item [%S]. It is not the last registered item","禁止刪除選取的品項 [%S] ; 該品項並非最後輸入之品項","Não pode ANULAR os artigos seleccionados [%S]\n; Não é o último artigo registado"
"Cannot apply discount to [%S]. It is not the last registered item","禁止提供折扣於選取的品項 [%S] ; 該品項並非最後輸入之品項","Não pode aplicar desconto a [%S]. Não é o último artigo registado"
"Cannot apply surcharge to [%S]. It is not the last registered item","禁止套用附加費於選取的品項 [%S] ; 該品項並非最後輸入之品項","Não pode aplicar a taxa a [%S]\n; Não foi o último artigo registado"
"Nothing has been registered yet; operation invalid","未登錄任何品項; 操作無效","Não foi registado qualquer artigo; operação inválida"
"Nothing has been registered yet; cannot register payments","未登錄任何品項; 禁止輸入付款金額","Não registo ainda nenhum movimento; não pode registar pagamentos"
"Not an open order; nothing to cancel","已結單或未開單; 禁止刪除","Não é um pedido aberto; nada a cancelar"
"Authentication failed!. Please make sure the password is correct.","登入失敗!. 請確認登入密碼是否正確.","Autênticação falhou!. Certifique-se que indicou a chave correcta."
"Authentication failed!. Please select a user","登入失敗!. 請選擇使用者","Autênticação falhou!. Seleccione um utilizador"
"Please select a user first.","請先選擇使用者","Seleccione um utilizador primeiro."
"Please enter the passcode.","請輸入登入密碼.","Indique uma palavra chave."
"Authentication Failed!. Please make sure the passcode is correct.","登入失敗!. 請確認登入密碼是否正確.","Autênticação falhou!. Certifique-se que indicou a chave correcta."
"Please select a job first.","請先選擇工作內容.","Seleccione uma tarefa primeiro."
"Not clocked in yet.","尚未打上班卡.","Não entrou ao serviço ainda."
"An error occurred while adding Condiment Group [%S]. The group may not have been added successfully","新增調味群組 [%S] 時發生錯誤; 該調味群組並未新增成功","Ocorreu um erro ao adicionar ao Grupo de Condimento [%S]. O grupo poderá não ter sido adicionado com sucesso"
"An error occurred while modifying Condiment Group [%S]. The group may not have been modified successfully","修改調味群組 [%S] 時發生錯誤; 該調味群組並未新增成功","Ocorreu um erro ao modificar o Grupo de Condimento [%S]\n; O grupo pode não ter sido adicionado com sucesso"
"[%S] has been assigned to one or more products and may not be deleted","[%S] 已被指派至一個或多個產品, 故無法刪除","[%S] já foi atribuido a um ou mais produtos e não poderá ser apagado"
"An error occurred while removing Condiment Group [%S]. The group may not have been removed successfully","刪除調味群組 [%S] 時發生錯誤; 該調味群組並未刪除成功","Ocorreu um erro ao remover o Grupo de Condimento [%S]\n ; O grupo pode não ter sido removido com sucesso"
"An error occurred while adding Condiment [%S]. The condiment may not have been added successfully","新增調味 [%S] 時發生錯誤; 該調味並未新增成功","Ocorreu um erro ao adicionar o Condimento [%S]\n ; O condimento poderá não ter sido adicionado com sucesso"
"An error occurred while modifying Condiment [%S]. The condiment may not have been modified successfully","修改調味 [%S] 時發生錯誤; 該調味並未修改成功","Ocorreu um erro ao modificar o Condimento [%S] ; O condimento poderá não ter sido modificado com sucesso"
"An error occurred while removing Condiment [%S]. The condiment may not have been removed successfully","刪除調味 [%S] 時發生錯誤; 該調味並未刪除成功","Ocorreu um erro ao remover o Condimento [%S]\n ; O condimento poderá não ter sido removido com sucesso"
"An error occurred while modifying Department [%S]. The department may not have been modified successfully","修改產品部門 [%S] 時發生錯誤; 該產品部門並未修改成功","Ocorreu um erro ao modificar o Departamento [%S]\n; O departamento pode não ter sido modificado com sucesso"
"[%S] has one or more products and may not be deleted","[%S] 還存在一個或多個產品, 故無法刪除","[%S] tem um ou mais produtos, não pode ser apagado"
"An error occurred while removing Department [%S]. The department may not have been removed successfully","刪除產品部門 [%S] 時發生錯誤; 該產品部門並未刪除成功","Ocorreu um erro ao remover o Departamento [%S]\n ; O departamento poderá não ter sido removido com sucesso"
"[%S] has been assigned as the default job to one or more users and may not be deleted","[%S] 已被一個或多個員工設為預設工作內容, 故無法刪除","[%S] já foi atribuido como tarefa por defeito a um ou mais utilizadores, não pode ser apagado"
"[%S] does not exist!","[%S] 不存在","[%S] não existe!"
"[%S] has one or more products and may not be deleted?","[%S] 還存在一個或多個產品, 故無法刪除","[%S] tem um ou mais produtos, não pode ser apagado?"
"Product not found [%S].","產品 [%S] 不存在.","Produto não encontrado [%S]"
"Condiment is required but no condiment group selected; product not modified.","已勾選強制選擇調味, 但未選擇調味群組; 產品無法修改.","Condimento necessário mas não foi seleccionado nenhum grupo de condimento; produto não modificado."
"An error occurred while modifying Product [%S]. The product may not have been modified successfully","修改產品 [%S] 時發生錯誤; 該產品並未修改成功","Ocorreu um erro ao modificar o Produto [%S]\n ; O produto pode não ter sido modificado com sucesso"
"An error occurred while removing Product [%S]. The product may not have been removed successfully","刪除產品 [%S] 時發生錯誤; 該產品並未刪除成功","Ocorreu um erro ao remover o Produto [%S]\n ; O produto pode não ter sido removido com sucesso"
"[%S] has been assigned to one or more departments and may not be deleted","[%S] 已被指派至一個或多個產品部門, 故無法刪除","[%S] foi atribuido a um ou mais departamentos e não pode ser apagado"
"[%S] is the default tax and may not be deleted","[%S] 已被設為預設稅別, 故無法刪除","[%S] é a taxa por defeito e não pode ser apagada"
"[%S] is the default user and may not be deleted","[%S] 已被設為預設使用者, 故無法刪除","[%S] é o utilizador por defeito e não pode ser apagado"
"[%S] may not be deleted","[%S] 無法刪除","[%S] não pode ser apagado"
"Select Default Job","選擇預設工作內容","Seleccione tarefa por defeito"
"TAL","總計","TAL"
"REM","未付款","REM"
"PAY","已付款","PAG"
"Return","退貨","Voltar"
"I:","I:","I:"
"QTY","數量","QTD"
"Change Clerk","變更收銀員","Mudar Empregado"
"Password:","登入密碼","Chave:"
"CANCELED","已刪單","CANCELADO"
"QUEUED","已暫存","TAREFA"
"CHG","找零","MUD"
"User [%S] does not exist!","使用者 [%S] 不存在!","Utilizador [%S] não existe!"
,,
"messages.properties:","messages.properties:","messages.properties:"
"Condiments","調味設定","Condimentos"
"Currency Exchange","匯率設定","Câmbio"
"Departments","產品部門設定","Departamentos"
"Promotions (inactive)","促銷管理 (未啟用)","Promoções (inactivo)"
"Employees","員工管理","Empregados"
"Function Panel Configuration","功能面板設定","Configuração do Painel de Funções"
"Data Import/ Export (inactive)","資料匯入/匯出 (未啟用)","Importação/Exportação (inactiva)"
"Jobs","工作內容設定","Tarefas"
"Image Manager (inactive)","圖像管理 (未啟用)","Gestão de Imagens (inactiva)"
"Locale and Keyboard Mapping","語系與鍵盤設定","Mapeamento de Teclado e Língua"
"Product Groups","產品群組設定","Grupos de Produtos"
"Products","產品管理","Produtos"
"Price Level Schedule","變價排程設定","Agendamento Nível Preços"
"Reports (inactive)","報表功能 (未啟用)","Relatórios (inactivo)"
"Roles","權限管理","Regras"
"Stock Control","庫存管理","Controle de Stocks"
"System Backup (inactive)","系統備份 (未啟用)","Cópia de Segurança (inactivo)"
"General Options","系統設定","Opções Gerais"
"Taxes","稅別設定","Taxas"
"This function shifts the current price level up by 1. No parameter is needed.","此功能可將目前的價格切換至下一個價格設定. 不需輸入任何參數值.","Esta função muda o nível de preço actual para um superior. Não é necessário qualquer parâmetro."
"Price Level Shift","Price Level Shift","Mudança de Nível de Preço"
"Price Level Shift","價格設定切換","Mudança de Nível de Preço"
"This function sets the current price level to 1. The parameter must be 1.","此功能可將目前的價格強制變更為設定 1. 參數值必須是 1.","Esta função coloca o nível de preço no nível 1. O parâmetro deve ser 1."
"Price Level 1","Price Level 1","Nível de Preço 1"
"Price Level 1","價格設定 1","Nível de Preço 1"
"This function sets the current price level to 2. The parameter must be 2.","此功能可將目前的價格強制變更為設定 2. 參數值必須是 2.","Esta função coloca o nível de preço no nível 2. O parâmetro deve ser 2."
"Price Level 2","Price Level 2","Nível de Preço 2"
"Price Level 2","價格設定 2","Nível de Preço 2"
"This function sets the current price level to 3. The parameter must be 3.","此功能可將目前的價格強制變更為設定 3. 參數值必須是 3.","Esta função coloca o nível de preço no nível 3. O parâmetro deve ser 3."
"Price Level 3","Price Level 3","Nível de Preço 3"
"Price Level 3","價格設定 3","Nível de Preço 3"
"This function sets the current price level to 4. The parameter must be 4.","此功能可將目前的價格強制變更為設定 4. 參數值必須是 4.","Esta função coloca o nível de preço no nível 4. O parâmetro deve ser 4."
"Price Level 4","Price Level 4","Nível de Preço 4"
"Price Level 4","價格設定 4","Nível de Preço 4"
"This function sets the current price level to 5. The parameter must be 5.","此功能可將目前的價格強制變更為設定 5. 參數值必須是 5.","Esta função coloca o nível de preço no nível 5. O parâmetro deve ser 5."
"Price Level 5","Price Level 5","Nível de Preço 5"
"Price Level 5","價格設定 5","Nível de Preço 5"
"This function sets the current price level to 6. The parameter must be 6.","此功能可將目前的價格強制變更為設定 6. 參數值必須是 6.","Esta função coloca o nível de preço no nível 6. O parâmetro deve ser 6."
"Price Level 6","Price Level 6","Nível de Preço 6"
"Price Level 6","價格設定 6","Nível de Preço 6"
"This function sets the current price level to 7. The parameter must be 7.","此功能可將目前的價格強制變更為設定 7. 參數值必須是 7.","Esta função coloca o nível de preço no nível 7. O parâmetro deve ser 7."
"Price Level 7","Price Level 7","Nível de Preço 7"
"Price Level 7","價格設定 7","Nível de Preço 7"
"This function sets the current price level to 8. The parameter must be 8.","此功能可將目前的價格強制變更為設定 8. 參數值必須是 8.","Esta função coloca o nível de preço no nível 8. O parâmetro deve ser 8."
"Price Level 8","Price Level 8","Nível de Preço 8"
"Price Level 8","價格設定 8","Nível de Preço 8"
"This function sets the current price level to 9. The parameter must be 9.","此功能可將目前的價格強制變更為設定 9. 參數值必須是 9.","Esta função coloca o nível de preço no nível 9. O parâmetro deve ser 9."
"Price Level 9","Price Level 9","Nível de Preço 9"
"Price Level 9","價格設定 9","Nível de Preço 9"
"This function shifts current item's tax status. The parameter field can be used to program a specific tax status. If a preset tax status is programmed, this function changes the current item to the preset tax status; otherwise, it shifts the item to the next tax status.","此功能為切換品項之稅別. 參數值可自行設定為特定稅別代碼. 如參數值為空白, 按下此功能鍵將強制切換至系統預設之稅別, 再按一次此功能鍵時, 則切換至下一個稅別.","Esta função muda o estado da taxa actual. O campo deve ser usado para especificar o estado da taxa. Se está programada uma taxa por defeito, esta função muda a taxa atribuída ao artigo actual; caso contrário, muda a taxa do artigo para o próximo estado."
"Shift Tax","Shift Tax","Mudança de Taxa"
"Shift Tax","稅別切換","Mudança de Taxa"
"This function registers a percentage-based discount. The parameter field can be used to program a preset percentage. If no preset percentage is programmed, the discount percentage is read from the input line.","此功能為設定折扣百分比. 參數值可自行設定為某一固定百分比. 如參數值為空白, 此功能會自動擷取按下此功能鍵之前一個輸入之數字作為折扣百分比.","Esta função regista um desconto basado numa percentagem. O campo pode ser usado para colocar uma percentagem por defeito. Se não estiver programada uma percentagem por defeito, é solicitado o valor no momento da introdução."
"%-","%-","%-"
"Percentage Discount","折扣百分比","Percentagem de Desconto"
"This function registers a reduction. The parameter field can be used to program a preset reduction amount. If no preset amount is programmed, the discount amount is read from the input line.","此功能為設定折扣金額. 參數值可自行設定為某一固定折扣金額. 如參數值為空白, 此功能會自動擷取按下此功能鍵之前一個輸入之數字作為折扣金額.","Esta função regista uma redução. O campo pode ser usado para configurar um valor de redução por defeito. Se não estiver definido, o valor de desconto será solitidado no momento da introdução."
"-","-","-"
"Reduction","折扣金額","Redução"
"This function registers a percentage surcharge. The parameter field can be used to program a preset surcharge. If no preset surcharge is programmed, the surcharge percentage is read from the input line.","此功能為設定附加費百分比. 參數值可自行設定為某一固定百分比. 如參數值為空白, 此功能會自動擷取按下此功能鍵之前一個輸入之數字作為附加費百分比.","Esta função regista um acréscimo de percentagem. O campo pode ser usado para colocar uma percentagem por defeito. Se não estiver definido, o valor da percentagem de acréscimo será solicitada no momento da introdução."
"%+","%+","%+"
"Surcharge","附加費百分比","Acréscimo"
"This function registers an addition. The parameter field can be used to program a preset addition amount. If no preset amount is programmed, the amount is read from the input line.","此功能為設定附加費金額. 參數值可自行設定為某一固定附加費金額. 如參數值為空白, 此功能會自動擷取按下此功能鍵之前一個輸入之數字作為附加費金額.","Esta função regista uma adição. O campo pode ser usado para colocar um valor de adição por defeito. Se não estiver definido, o valor de adição será solicitado no momento da introdução."
"+","+","+"
"PLUS","附加費金額","MAIS"
"This function registers a cash payment. The parameter field can be used to program a preset cash apayment amount. If no preset is programmed, the payment amount is read from the input line  If the input line is also blank, a quick cash payment is registered.","此功能為設定現金付款之金額. 參數值可自行設定為某一固定金額. 如參數值為空白, 此功能會自動擷取按下此功能鍵之前一個輸入之數字作為現金付款金額, 如未輸入任何數字即按下此功能鍵, 則視同免找零錢之現金付款交易.","Esta função regista o pagamento de caixa. O campo pode ser usado para colocar um valor de pagamento por defeito. Se não estiver programado, o valor de pagamento é solicitado no momento da introdução. Se a linha de introdução estiver em branvo, será efectuado um pagamento rápido."
"Cash","Cash","Caixa"
"Cash","現金付款","Caixa"
"This function simulates a series of key presses. The parameter field contains the string of key characters to press.","此功能為模擬輸入字串. 參數值可自行設定一個或一組文字或數字.","Esta função simula um conjunto de teclas pressionadas. O campo pode contêr uma sequência de caracteres de teclas a pressionar."
"Key","Key","Tecla"
"Keypress","鍵入字串","Tecla Pressionada"
"This function clears the input line. The parameter field must not be altered","此功能為清除輸入字串. 預設的參數值不得修改.","Esta função limpa a linha de introdução. O campo não pode ser alterado"
"Clear","Clear","Limpar"
"Clear","清除鍵","Limpar"
"This function simulates pressing the 'Enter' key. The parameter field must not be altered","此功能為模擬 Enter 鍵. 預設的參數值不得修改.","Esta função simula a a tecla ""Enter"". O campo não pode ser alterado."
"Enter","Enter","Enter"
"Enter","輸入鍵","Enter"
"This function sets the quantity to the value entered on the input line. The parameter field must not be altered","此功能為模擬乘號鍵 - X. 預設的參數值不得修改.","Esta função colocar o valor da quantidade a ser colocada no linha de introdução. Este parâmetro não pode ser alterado."
"X","X","X"
"Quantity","乘號鍵","Quantidade"
"This function registers a subtotal. The parameter field must not be altered","此功能為模擬小計鍵 - SUB TOTAL. 預設的參數值不得修改.","Esta função regista o sub-total. Este campo não pode ser alterado"
"SUB TOTAL","SUB TOTAL","SUB TOTAL"
"SUB TOTAL","小計鍵","SUB TOTAL"
"This function registers a tray marker. The parameter field must not be altered","此功能為模擬標記鍵 - Tray Marker. 預設的參數值不得修改.","Esta função regista uma marca na bandeja. Este campo não pode ser alterado"
"Tray Marker","Tray Marker","Marcador da Bandeja"
"Tray Marker","標記鍵","Marcador da Bandeja"
"This function cancels the current order. No parameter is needed.","此功能為模擬刪除鍵 - Cancel. 不需輸入任何參數值.","Esta função cancela o pedido actual. Não necessita de parâmetros."
"Cancel","Cancel","Cancelar"
"Cancel","刪除鍵","Cancelar"
"This function allows the operator to perform a Product search. No parameter is needed.","此功能提供收銀員產品搜尋之功能. 不需輸入任何參數值.","Esta função permite ao operador efectuar uma pesquisa de produto. Não necessita de parâmetros."
"Product Search","Product Search","Pesquisa de produto"
"Product Search","產品搜尋","Pesquisa de produto"
"This function queues the current order and readies the register for a new order. No parameter is needed.","此功能為模擬暫存鍵 - Queue Order. 不需輸入任何參數值.","Esta função coloca pendente o pedido actual e prepara o registo para um novo pedido. Não necessita de parâmetros."
"Queue Order","Queue Order","Pedidos Pendentes"
"Queue Order","暫存鍵","Pedidos Pendentes"
"This function allows the operator to recall a queued order. No parameter is needed.","此功能為模擬檢視暫存鍵 - View Order. 不需輸入任何參數值.","Esta função permite ao operador ir buscar um pedido pendente. Não necessita de parâmetros."
"View Queue","View Queue","Visualizar Pendentes"
"View Queue","檢視暫存鍵","Visualizar Pendentes"
"This function allows the operator to modify a registered item. No parameter is needed.","此功能為模擬修改鍵 - Modify. 不需輸入任何參數值.","Esta função permite o operador modificar um artigo registado. Não necessita de parâmetros."
"Modify","Modify","Modificar"
"Modify Item","修改鍵","Modificar Artigo"
"This function voids the last transaction. No parameter is needed.","此功能為模擬刪除鍵 - VOID. 不需輸入任何參數值.","Esta função permite anular a última transacção. Não necessita de parâmetros."
"VOID","VOID","ANULAR"
"VOID","刪除鍵","ANULAR"
"This function marks the current item as 'on-the-house'. No parameter is needed.","此功能可將目前交易之品項設為 '贈送品'. 不需輸入任何參數值.","Esta função marca o artigo actual como ""em-casa"". Não necessita de parâmetros."
"House BON","House BON","BON. CASA"
"House BON","贈送品","BON. CASA"
"This function signs off the current operator. No parameter is needed.","此功能為模擬登出鍵 - Sign Off. 不需輸入任何參數值.","Esta função faz sair do sistema o operador corrente. Não necessita de parâmetros."
"Sign Off","Sign Off","Sair do Sistema"
"Sign Off","登出鍵","Sair do Sistema"
"This function registers a currency conversion. The parameter indicates the currency code to convert from and must be filled.","此功能提供收銀員匯率轉換之功能. 參數值必須輸入欲轉換幣別之貨幣代碼.","Esta função regista a conversão da moeda. O parâmetro indica o código da moeda a converter de e deve ser preenchida."
"Currency Exchange","Currency Exchange","Câmbio da Moeda"
"Currency Exchange","匯率轉換","Câmbio da Moeda"
"This function resets the current price level. If the price level schedule is active, the currently scheduled level is restored. If the price level schedule is not active, or if no schedule has been defined, the price level reverts to the system/user default. No parameter is needed.","此功能將重設 '價格設定'. 如變價排程功能已啟動, 按下此功能鍵將依照目前變價排程排定之價格設定重設之. 如變價排程功能未啟動或是未設定, 按下此功能鍵將依照系統預設之價格設定重設之. 不需輸入任何參數值.","Esta função limpa o nível de preço actual. Se o nível de preço está programado, o nível actual programado é restaurado. Se o nível de preço programado não está activo ou se não foi definido nenhuma programação, o nível de preço reverte ao que está por defeito pelo sistema/utilizador. Não necessita de parâmetros."
"Reset Price Level","Reset Price Level","Restaurar Nível de Preço"
"Reset Price Level","重設價格設定","Restaurar Nível de Preço"
"This function allows a silent switch to the user specified in the paramter field using password from the input buffer. The parameter field must be set to the username of the user to switch to.","此功能提供 '安靜切換員工模式' 之功能. 參數值必須輸入欲切換員工之 '員工姓名/代號'.","Esta função permite que se mude silenciosamente para o utilizador especificado nos parâmetros usando a chave que se encontra no buffer de entrada. O campo deve ter o nome do utilizador para o qual se pode mudar."
"Silent User Switch","Silent User Switch","Mudança Silenciosa de Utilizador"
"Silent User Switch","安靜切換員工模式","Mudança Silenciosa de Utilizador"
"This function allows the current user to enter a password and quickly switch to the user identified by that password. No parameter is needed.","此功能提供 '快速切換員工模式' 之功能. 不需輸入任何參數值.","Esta função permite que o utilizador actual entre a chave e rapidamente mude para o utilizador identificado pela chave. Não necessita de parâmetros."
"Change Clerk","Change Clerk","Mudar de Empregado"
"Quick User Switch","快速切換員工模式","Mudança Rápida de Empregado"
"This function dispatches a command to a controller. The parameter field should be a comma-separated list of arguments, with the first argument being the command name, the second argument the data to pass to the command, and the third argument the controller handling the command.","不需翻譯本段文字. (本功能將會移除)   ==> No need to translate this paragraph.","Esta função envia um comando para o controlador. O campo deve ter argumentos separados por vírgulas, sendo o primeiro argumento o nome do comando, o segundo o argumento a passar ao comando e o terceiro o controlador a gerir o comando."
"Dispatch","Dispatch","Expedição"
"Dispatch","Dispatch","Expedição"
"This function registers a return of an item for refund. No parameter is needed.","此功能模擬銷貨退回鍵 - Refund. 不需輸入任何參數值.","Esta função regista a devolução de um artigo. Não necessita de argumentos."
"Refund","Refund","Devolução"
"Refund","銷貨退回鍵","Devolução"
"This function registers a credit card payment. The parameter field should be set to the credit type.","此功能模擬信用卡付款鍵 - Credit Card. 參數值必須輸入信用卡種類.","Esta função regista um pagamento por cartão de crédito. O campo deve ter o tipo de cartão de crédito."
"Credit Card","Credit Card","Cartão de Crédito"
"Credit Card","信用卡付款鍵","Cartão de Crédito"
"This function registers a gift card payment. The parameter field should be set to the gift card type.","此功能模擬禮品卡付款鍵 - Gift Card. 參數值必須輸入禮品卡種類.","Esta função regista o pagamento com um cartão oferta. O campo deve ter o tipo de cartão oferta."
"Gift Card","Gift Card","Cartão Oferta"
"Gift Card","禮品卡付款鍵","Cartão Oferta"
"This function adds an open memo to an item in the cart. The parameter field must be empty.","此功能模擬備註鍵 - Add Memo. 參數值必須為空白.","Esta função adiciona um comentário a um artigo da cesta. O campo deve estar vazio."
"Add Memo","Add Memo","Adicionar Comentários"
"Add Memo","備註鍵","Adicionar Comentários"
"This function registers a gift card payment. The parameter field must be empty.","此功能模擬調味鍵 - Add Condiment. 參數值必須為空白.","Esta função regista o pagamento com um cartão oferta. O campo de estar vazio."
"Add Condiment","Add Condiment","Adicionar Condimento"
"Add Condiment","調味鍵","Adicionar Condimento"
"This function registers a pretax order surcharge by percentage. The parameter field can be used to program a preset percentage. If no preset percentage is programmed, the surcharge percentage is read from the input line.","此功能為設定稅前附加費百分比. 參數值可自行設定為某一固定百分比. 如參數值為空白, 此功能會自動擷取按下此功能鍵之前一個輸入之數字作為稅前附加費百分比.","Esta função regista um pedido com pré-taxa acrescida por percentagem. O campo pode ser usando para colocar uma percentagem por defeito. Se não estiver indicada uma percentagem, irá ser pedida na linha de comandos."
"Pretax Order Surcharge","Pretax Order Surcharge","Acréscimo de Pré-Taxa à Encomenda"
"Pretax Order Surcharge","稅前附加費百分比","Acréscimo de Pré-Taxa à Encomenda"
"This function registers a pretax order discount by percentage. The parameter field can be used to program a preset percentage. If no preset percentage is programmed, the discount percentage is read from the input line.","此功能為設定稅前折扣百分比. 參數值可自行設定為某一固定百分比. 如參數值為空白, 此功能會自動擷取按下此功能鍵之前一個輸入之數字作為稅前折扣百分比.","Esta função regista um desconto de uma pré-taxa por percentagem. O campo deve indicar um valor a usar por defeito. Se não estiver indicado, este será pedido na linha de comandos."
"Pretax Order Discount","Pretax Order Discount","Desconto Pré-Taxa à Encomenda"
"Pretax Order Discount","稅前折扣百分比","Desconto Pré-Taxa à Encomenda"
"dummy","樣本資料","sem efeito"
"Override Default Price Level","不受 '預設價格設定' 之限制","Sobrepor o Nível de Preço por Defeito"
"Change Price Level","變更價格設定","Mudar o Nível de Preço"
"Set Price Level 1","設為價格設定 1","Colocar Preço Nível 1"
"Set Price Level 2","設為價格設定 2","Colocar Preço Nível 2"
"Set Price Level 3","設為價格設定 3","Colocar Preço Nível 3"
"Set Price Level 4","設為價格設定 4","Colocar Preço Nível 4"
"Set Price Level 5","設為價格設定 5","Colocar Preço Nível 5"
"Set Price Level 6","設為價格設定 6","Colocar Preço Nível 6"
"Set Price Level 7","設為價格設定 7","Colocar Preço Nível 7"
"Set Price Level 8","設為價格設定 8","Colocar Preço Nível 8"
"Set Price Level 9","設為價格設定 9","Colocar Preço Nível 9"
"Revert Price Level","回復價格設定","Reverter Nível de Preço"
"Override HALO","不受 '最高產品價格' 之限制","Ultrapassar HALO"
"Override LALO","不受 '最低產品價格' 之限制","Ultrapassar LALO"
"Queue Order","暫存單","Encomenda Pendente"
"Pull Order from Queue","擷取暫存單","Retirar Encomenda de Pendentes"
"Access Control Panel","權限管理面板","Aceder ao Painel de Controlo"
"Modify Cart Items","修改購物車品項","Modificar Artigos da Cesta"
"VOID Cart Items","刪除購物車品項","LIMPAR Artigos da Cesta"
"Cancel Order","刪單","Cancelar Encomenda"
"Product Search","產品搜尋","Pesquisar Produtos"
"Register Cash Payment","現金付款","Registar Pagamento Caixa"
"Toggle Number Pad","數字鍵盤開關","Alternar Teclado Numérico"
"Public Access","開放存取","Acesso Público"
"Manage Condiments","調味管理","Gerir Condimentos"
"Manage Currency Exchange","匯率管理","Gerir Câmbios de Moeda"
"Manage Departments","部門管理","Gerir Departamentos"
"Manage Employees","員工管理","Gerir Empregados"
"Manage Function Panel","功能面板管理","Gerir Painel de Funções"
"Shift Item Tax","切換稅別","Mudar Taxa do Artigo"
"Register Discounts","登錄折扣","Registar Descontos"
"Register Reductions","登錄折價","Registar Reduções"
"Register Surcharges","登錄附加費","Registar Aumentos"
"Register Additions","登錄加價","Registar Adições"
"Send Keypresses","送出鍵入字串","Enviar Conjunto Teclas"
"Register Products","登錄產品","Registar Artigos"
"Register ENTER","登錄 ENTER","Registar ENTER"
"Register Quantity","登錄數量","Registar Quantidade"
"Register Subtotal","登錄小計","Registar Sub-total"
"Register Tray Marker","登錄標記","Registar Marcado Bandeja"
"Register House BON","登錄贈送品","Registar BON. Casa"
"Register Currency Exchange","登錄匯率","Registar Câmbio Moeda"
"Manage Jobs","工作內容管理","Gerir Tarefas"
"Manage Product Groups","產品群組管理","Registar Grupo de Produtos"
"Import Export Data","資料匯入匯出","Importar Exportar Dados"
"Manage Price Level Schedule","變價排程管理","Gerir Programação de Nível de Preços"
"Manage Access Groups","權限群組管理","Gerir Grupos de Acesso"
"Manage Stock","庫存管理","Gerir Stocks"
"Manage System Options","系統設定管理","Gerir Opções de Sistema"
"Manage Taxes","稅別管理","Gerir Taxas"
"Manage Products","產品管理","Gerir Produtos"
"Register Item Return","登錄退貨品項","Registar Artigos Devolvidos"
"Register Credit Card Payment","登錄信用卡付款","Registar Pagamento por Cartão de Crédito"
"Register Gift Card Payment","登錄禮品卡付款","Registar Pagamento por Cartão Oferta"
"Manage Images","圖像管理","Gerir Imagens"
"Modify Keymap Parameter","修改功能鍵參數值","Modificar Parâmentros do Mapa de Teclado"
"Modify Condiment Price","修改調味價格","Modificar Preço de Condimento"
"Change Locale and Keyboard Mapping","變更語系與鍵盤設定","Mudar Localização e Mapeamento de Teclado"
"Register Order Discounts Pretax","登錄稅前折扣","Registar Pré-taxa de Descontos de Encomendas"
"Register Order Surcharges Pretax","登錄稅前附加費","Registar Pré-taxa de Acréscimos de Encomendas"
,,
"numberpad.dtd:","numberpad.dtd:","numberpad.dtd:"
"QUEUE ORDER","暫存","PEDIDOS PENDENTES"
"VIEW QUEUE","檢視暫存","VISUALIZAR PENDENTES"
"CLEAR","清空","LIMPAR"
"MODIFY","修改","MODIFICAR"
"DEL","DEL","APAGAR"
"VOID","刪除","ANULAR"
"ENTER","輸入","ENTRAR"
"CANCEL","刪單","CANCELAR"
"CASH","現金","CAIXA"
"SUB TOTAL","小計","SUB TOTAL"
"Product SEARCH","搜尋","PESQUISA Produtos"
"TRAY MARKER","標記","MARCADOR BANDEJA"
"SIGN OFF","登出","SAIR"
"X","X","X"
"Passcode:","密碼","Código:"
"OK","完成","OK"
,,
"orderstatus.dtd:","orderstatus.dtd:","orderstatus.dtd:"
"PL@","價設@","PL@"
"TX","稅額","TX"
"#ITEM","項數","#ITEM"
"SEQ#","流單#","SEQ#"
"DEST","內外","DEST"
"#CST","客數#","#CST"
"CHK#","單號#","CHK#"
"TBL#","桌號#","TBL#"
,,
"plugroups.dtd:","plugroups.dtd:","plugroups.dtd:"
"Product Groups","產品群組","Grupo de Produtos"
"Group Name","群組名稱","Nome do Grupo"
"Show on Menu","顯示於前台","Mostrar no Menú"
"Button Color","按鈕顏色","Côr do Botão"
"Font Size","文字大小","Tamanho da Letra"
"Add","新增","Adicionar"
"Modify","修改","Modificar"
"Delete","刪除","Apagar"
,,
"plus.dtd:","plus.dtd:","plus.dtd:"
"Product Properties","產品屬性","Propriedades do Produto"
"Basic 1","基本資料 1","Básico 1"
"Basic 2","基本資料 2","Básico 2"
"Sets","組合產品","Configurações"
"Appearance","顯示設定","Aparência"
"Price Levels","價格設定","Níveis de Preço"
"Link Groups","群組連結","Ligação a Grupos"
"Product Details","產品資料","Detalhes do Produto"
"Basic Data (Page 1)","基本資料 (第 1 頁)","Dados Básicos (Página 1)"
"Basic Data (Page 2)","基本資料 (第 2 頁)","Dados Básicos (Página 2)"
"Product Set","組合產品","Configuração Produto"
"Appearance","顯示設定","Aparência"
"Price Levels","價格設定","Níveis de Preço"
"Link Groups","群組連結","Ligação a Grupos"
"Department","部門別","Departamento"
"Product No.","產品編號","Nº do Produto"
"Product Name","產品名稱","Nome do Produto"
"Barcode","產品條碼","Código de Barras"
"Tax Rate","稅別","Taxa de IVA"
"Condiments","調味別","Condimentos"
"Auto-stock","自動扣庫存","Stock Automático"
"Returns can be restocked","退貨可轉銷售","Devoluções podem ir para stock"
"Condiments required","強制選擇調味","Condimentos obrigatórios"
"Memo required","強制輸入備註","Descrição obrigatória"
"Single Item Sale","單一產品快速銷售","Artigo de Venda Única"
"Show on menu","顯示於前台","Mostrar no Menú"
"Require age verification","強制查詢購買者年齡","Necessita de Verificação de Idade"
"Display icon only","只顯示產品圖示","Mostrar só o Ícone"
"Purchase Price","購入單位成本","Preço de Custo"
"Current Stock Level","目前庫存量","Nível de Stock Actual"
"Minimum Threshold","安全庫存量","Ponto inicial mínimo"
"Memo","備註","Descrição"
"Minimum Sale Qty","最小銷售數量","Qtd Mínima Venda"
"Unit of Sale","銷售單位","Unidade de Venda"
"Individually","個","Individual"
"Gram","公克","Grama"
"Kilogram","公斤","Quilograma"
"Ounce","盎司","Onça"
"Pound","磅","Libra"
"Liter","公升","Litro"
"Pint","品脫","Pinta"
"Quart","夸脫","Quatro"
"Gallon","加侖","Galão"
"Stock Location","庫存位置","Localização do Stock"
"No.","產品編號","Nº."
"Name","產品名稱","Nome"
"Qty","數量","Qtd"
"Product Icon","產品圖示","Ícone do Produto"
"Button Color","按鈕顏色","Côr do Botão"
"Font Size","文字大小","Tamanho da Letra"
"Level","設定","Nível"
"Price","價格","Preço"
"HALO","最高價格","HALO"
"LALO","最低價格","LALO"
"Search By Product No. or Barcode","產品搜尋 - 依產品編號或產品條碼","Pesquisar Produto por Nº. ou Código de Barras"
"Add","新增","Adicionar"
"Modify","修改","Modificar"
"Delete","刪除","Apagar"
"CLEAR","清空","LIMPAR"
"DEL","DEL","APAGAR"
"ENTER","輸入","ENTRAR"
,,
"pricelevelschedule.dtd:","pricelevelschedule.dtd:","pricelevelschedule.dtd:"
"Price Level Schedule","變價排程","Programação Nível Preço"
"Start Time","使始時間","Hora de Ínicio"
"Price Level","價格設定","Nível de Preço"
"Remove","移除","Remover"
"Add","新增","Adicionar"
,,
"prompt_addtaxitem.dtd:","prompt_addtaxitem.dtd:","prompt_addtaxitem.dtd:"
"Select Tax Type:","選擇稅種:","Seleccione o Tipo de Taxa:"
"Included","內含稅","Incluída"
"Add-On","外加稅","Adicionada"
"Combined","合併稅","Combinada"
"VAT + VAT","稅上稅","VAT + VAT"
,,
"select_condgroup.dtd:","select_condgroup.dtd:","select_condgroup.dtd:"
"Select Condiment Group","選擇調味群組","Seleccionar Grupo de Condimento"
,,
"select_condiments.dtd:","select_condiments.dtd:","select_condiments.dtd:"
"Select Condiments","選擇調味種類","Seleccionar Condimentos"
,,
"select_department.dtd:","select_department.dtd:","select_department.dtd:"
"Select Department","選擇產品部門","Seleccionar Departamentos"
,,
"select_job.dtd:","select_job.dtd:","select_job.dtd:"
"Select Job","選擇工作內容","Seleccionar Tarefas"
,,
"select_queues.dtd:","select_queues.dtd:","select_queues.dtd:"
"Select Queued Order","選擇暫存單","Seleccionar Encomendas Pendentes"
"Order Details","暫存單詳細內容","Detalhes da Encomenda"
,,
"select_rolegroup.dtd:","select_rolegroup.dtd:","select_rolegroup.dtd:"
"Select Access Group","選擇權限群組","Seleccionar Grupo de Acesso"
,,
"select_tax.dtd:","select_tax.dtd:","select_tax.dtd:"
"Select a Tax","選擇稅別","Seleccionar Taxa"
,,
"stocks.dtd:","stocks.dtd:","stocks.dtd:"
"Products","產品","Produtos"
"Product No.","產品編號","Nº. Produto"
"Product Name","產品名稱","Nome Produto"
"Quantity","庫存量","Quantidade"
"Threshold","安全庫存量","Ponto Inicial"
"Filter for Products below Threshold","只列出低於安全庫存量之產品","Filtro para Produtos abaixo do Ponto Inicial"
"No.","產品編號","Nº."
"Name","產品名稱","Nome"
"Level","庫存量","Nível"
"Threshold","安全庫存量","Ponto Inicial"
"Enter Product or Barcode No.","產品搜尋 - 輸入產品編號或產品條碼","Entre Nº. Produto ou Código de Barras"
"CLEAR","清空","LIMPAR"
"DEL","DEL","APAGAR"
"ENTER","輸入","ENTRAR"
"Modify","修改","Modificar"
,,
"sysprefs.dtd:","sysprefs.dtd:","sysprefs.dtd:"
"General Options","系統設定","Opções Gerais"
"Layout","版面設定","Configuração"
"General Options","一般設定","Opções Gerais"
"Sign In/Out","登入登出設定","Entrar/Sair"
"Taxes","稅別設定","Taxas"
"Terminal ID","本機編號","ID Terminal"
"Individual Time-and-Attendance visible to all","所有員工都可檢視其他員工之出勤紀錄","Hora de Atendimento Individual visivel para todos"
"Automatically log in default user:","自動以下列勾選之員工身分登入本機:","Entrar automáticamente utilizador por defeito:"
"Private order queue","暫存單不分享","Pedido pendente privado"
"System default price level","系統預設價格設定為:","Nível de preços por defeito no sistema"
"System default tax status","系統預設稅別為:","Estado da taxa por defeito no sistema"
"Number of decimal places for Prices","價格計算至小數點後幾位數?","Número de casas decimais para Preços"
"Number of decimal places for Taxes","稅金計算至小數點後幾位數?","Número de casas decimais para Taxas"
"Rounding policy to use for Prices","價格計算進位規則","Política de arredondamentos usado nos Preços"
"Rounding policy to use for Taxes","稅金計算進位規則","Política de arredondamentos usado nas Taxas"
"to nearest precision","精準進位","à precisão mais próxima"
"to nearest half","進位至 0.5","à metade mais próxima"
"to nearest quarter","進位至 0.25","ao quarto mais próximo"
"to nearest nickel","進位至 0.05","ao níquel mais próximo"
"to nearest dime","進位至 0.1","ao cêntimo mais próximo"
"always round up","無條件進位","arrendondar sempre para cima"
"always round down","無條件捨去","arrendondar sempre para baixo"
"Activate price level schedule","啟用變價排程功能","Activar programação de nível de preços"
"Price level reverts to schedule after each order","結單後價格設定依循變價排程之設定","Nível de preços reverte ao programado após cada encomenda"
"Clear input buffer when switching departments","切換產品部門時清除前筆已結單之資料","Limpar o buffer de entrada quando mudar entre departamentos"
"Allow negative stock","允許庫存數量為負值","Permitir stocks negativos"
"Require clerk acknowledgement for age verification","查詢購買者年齡之訊息出現時強制員工確認","Pedir aceitação de empregado na verificação de idade"
"Automatically discard cart content when signing off","登出時自動放棄正在結帳之交易資料","Perder contéudo da cesta de pedidos quando empregado sai do sistema"
"Automatically discard queued orders when signing off","登出時自動放棄已暫存單","Perder pedidos pendentes quando o empregado sai do sistema"
"Order queue must be emptied when signing off","登出時強制清空暫存單","Pedidos pendentes devem ser esvaziados quando o empregado sai"
"Print shift report when users sign off","登出時列印交班報表","Imprimir relatório de mudança quando o empregado sai"
"Print shift report when quick-switching users","快速切換員工時列印交班報表","Imprimir relatório de mudança quando se muda de empregado"
"Allow quick login by automatically matching user by password","快速登入 - 自動依登入密碼辨別員工","Permitir entrada rápida através da identificação da chave"
"Place register screen on the left side of screen","購物車置於畫面左方","Colocar o écran de registo no lado esquerdo do écran"
"Hide numeric keypad","隱藏數字鍵盤","Esconder o teclado numérico"
"Place function key panel at the top of the screen","功能面板置於畫面最上方","Colocar o painel de funcções no topo do écran"
"Place product panel before department panel","產品面板置於部門面板上方","Colocar o painel de produtos antes do painel de departamentos"
"Hide scrollbars for department panel","隱藏部門面板捲軸","Esconder as barras de deslocação para o painel de departamentos"
"Hide scrollbars for product panel","隱藏產品面板捲軸","Esconder as barras de deslocação para o painel de produtos"
"Hide scrollbars for function panel","隱藏功能面板捲軸","Esconder as barras de deslocação para o painel de funções"
"Crop department label","部門名稱不換行","Cortar nome dos departamentos"
"Crop product label","產品名稱不換行","Cortar nome dos produtos"
"Department panel dimensions","部門面板大小","Dimensões do painel de departamentos"
"rows","行數","linhas"
"columns","列數","colunas"
"Product panel dimensions","產品面板大小","Dimensões do painel de produtos"
"rows","行數","linhas"
"columns","列數","colunas"
"Function panel dimensions","功能面板大小","Dimensões do painel de funções"
"rows","行數","linhas"
"columns","列數","colunas"
,,
"systembackup.dtd:","systembackup.dtd:","systembackup.dtd:"
"System Backup","系統備份","Cópia de Segurança do Sistema"
"System Resotre","系統回復","Restauro do Sistema"
"Local Backup:","本機備份:","Cópia Local:"
"Stick:","外接式大姆碟:","Pen:"
"Copy Local to Stick >>>","複製本機至外接式大姆碟 >>>","Copiar Pen para Local >>>"
"Backup to Local","備份至本機","Cópia de Segurança para Local"
"Restore from Stick","從外接式大姆碟回復系統","Restaurar de Pen"
"Resotre from Local","從本機備份回復系統","Restaurar de Local"
"Ok","完成","Ok"
"Cancel","取消","Cancelar"
"Add","新增","Adicionar"
"Modify","修改","Modificar"
"Delete","刪除","Apagar"
,,
"taxes.dtd:","taxes.dtd:","taxes.dtd:"
"Taxes","稅別","Taxas"
"Tax Details:","稅別詳細資料","Detalhes da Taxa:"
"Tax Code:","稅別代碼:","Código da Taxa"
"Tax Type:","稅種:","Tipo de Taxa:"
"Tax Name:","稅別名稱:","Nome da Taxa:"
"Tax Rate:","稅率/稅金:","Imposto da Taxa:"
"Rate Type:","課稅方式:","Tipo de Imposto:"
"Percentage","依百分比課稅","Percentagem"
"Fixed Amount","依固定金額課稅","Valor Fixo"
"Threshold:","最低課稅基準(產品價格)","Ponto inicial:"
"Add","新增","Adicionar"
"Modify","修改","Modificar"
"Delete","刪除","Apagar"
,,
"users.dtd:","users.dtd:","users.dtd:"
"Employees","員工管理","Empregados"
"User Profile","員工基本資料","Perfil do Utilizador"
"User Limits","員工額度限制","Limites do Utilizador"
"Check Tracking","員工開單限制","Verificar Seguimento"
"User Name (a..z,0..9)","員工姓名/代號 (a..z,0..9)","Nome de Utilizador (a..z,0..9)"
"Password","登入密碼","Chave"
"Display Name","顯示名稱","Nome a Mostrar"
"Access Level","權限群組","Nível de Acesso"
"Default Price Level","預設價格設定","Nível de Preço por Defeito"
"Default Job","預設工作內容","Tarefa por Defeito"
"Item Discount Limit","單品折扣限額","Limite de Desconto de Artigo"
"Order Discount Limit","單張折扣限額","Limite de Desconto de Pedido"
"Check Cashing Limit","支票付款限額","Verificação de Limite de Desconto"
"Item Surcharge Limit","單品附加費限額","Limite Acréscimo de Artigo"
"Order Surcharge Limit","單張附加費限額","Limite Acréscimo de Pedido"
"Product Quantity Limit","產品數量限額","Limite Quantidade de Produto"
"Product Price Limit","產品價格限額","Limite Preço de Produto"
"Item Coupon Limit","單品折價券限額","Limite Artigo Cupão"
"Order Coupon Limit","單張折價券限額","Limite Pedido Cupão"
"Minimum Check Number","最低開單數量","Número Mínimo Verificação"
"Maximum Check Number","最高開單數量","Número Máximo Verificação"
"Maximum Number of Open Checks","最高未結單數量","Número Máximo de Verificações Abertas"
"Add","新增","Adicionar"
"Modify","修改","Modificar"
"Delete","刪除","Apagar"
